<?xml version="1.0" encoding="UTF-8" standalone="yes"?>
<addon id="repository.gacomunKodiRepo" name="Gacomun unofficial Repo" version="1.0.1" provider-name="Gacomun">
	<extension point="xbmc.addon.repository" name="Gacomun unofficial Repo">
		<info compressed="false">https://raw.githubusercontent.com/gacomun/gacomunKodiRepo/master/addons.xml</info>
		<checksum>https://raw.githubusercontent.com/gacomun/gacomunKodiRepo/master/addons.xml.md5</checksum>
		<datadir zip="true">https://raw.githubusercontent.com/gacomun/gacomunKodiRepo/master</datadir>
	</extension>
	<extension point="xbmc.addon.metadata">
		<summary>Gacomun unofficial Repo</summary>
   		<description lang="en">Instala los Addons de gacomun.</description>
		<disclaimer></disclaimer>
		<platform>all</platform>
	</extension>
</addon>